Heading,Description,Expo,Venue,Client,Date,IsFlagship,Image
ADS Defense Hub,"Aerospace and defense hubs featured sleek, aerodynamic architecture. This high-spec environment prioritized technical briefings and international partnership development within the global security industry.",World Defense Show 2026,"Riyadh Exhibition and Convention Centre, Malham",,Feb 8 - 12,FALSE,assets/nexh1.webp
Ali Reza Water Solutions,Water infrastructure exhibition stands integrated modular engineering with corporate branding. This professional forum hub emphasized sustainable water desalination and large-scale utility management solutions.,SWPC Forum 2025,"Four Seasons Hotel, Riyadh",,Nov 2-3,FALSE,https://images.unsplash.com/photo-1497366216548-37526070297c?q=80&w=2069&auto=format&fit=crop
Ali Reza Logistics Center,Logistics-focused exhibition layouts highlighted transportation efficiency and warehousing innovation. This streamlined trade site facilitated professional engagement within the regional shipping and distribution sector.,Supply Chain & Logistics Conference 2025,Hilton Riyadh,,dec 15-16,FALSE,https://images.unsplash.com/photo-1486406146926-c627a92ad1ab?q=80&w=2070&auto=format&fit=crop
All View Tactical Pavilion,High-spec defense technology booths showcasing advanced situational awareness and tactical optics. This specialized pavilion utilized tailored modular engineering to highlight high-precision surveillance and military-grade imaging.,World Defense Show 2026,"Riyadh Exhibition and Convention Centre, Malham",,Feb 8 - 12,FALSE,assets/nexh2.webp
Bahce Artisan Oasis,"This premium, artisan-focused installation merged organic textures with high-end furniture. A luxurious outdoor oasis was created, showcasing master craftsmanship to redefine modern garden living.",INDEX 2025,Riyadh Front Convention Centre,,Sep 9 - Sep 11 2026,FALSE,https://images.unsplash.com/photo-1542744094-3a31f272c490?q=80&w=2070&auto=format&fit=crop
CYG Automation Hub,High-tech power automation and smart grid systems anchored this specialized exhibition site. Technical precision and streamlined layouts facilitated expert-level engagement within the electrical sector.,SESIME 2025,RICEC,,sep 17-18,FALSE,https://images.unsplash.com/photo-1492691527719-9d1e07e534b4?q=80&w=2070&auto=format&fit=crop
EPK Modular Stand,Modular exhibition booth design focus on clean lines and technical excellence.,Exhibition 2025,RICEC,,October 2025,FALSE,https://images.unsplash.com/photo-1531973576160-7125cd663d86?q=80&w=2070&auto=format&fit=crop
Hanchu Energy Pavilion,"Advanced energy storage solutions integrated into a sleek, sustainable pavilion. This technical hub prioritized battery innovation and renewable grid integration for energy professionals",Solar & Storage Live 2025,Riyadh Front Convention Centre,,oct 12-14,FALSE,https://images.unsplash.com/photo-1497366216548-37526070297c?q=80&w=2069&auto=format&fit=crop
Hennissy Decor Gallery,Premium home-decor galleries merged contemporary furniture design with elegant finishes. This retail-focused pavilion optimized consumer interaction and highlighted high-end textile and interior solutions.,Saudi Arabia Homelife Expo 2025,Riyadh Front Convention Centre,,dec 22-24,FALSE,https://images.unsplash.com/photo-1540575861501-7ad0582373f2?q=80&w=2070&auto=format&fit=crop
Kotrong PV Pavilion,"High-efficiency solar technology was presented through a modern, eco-conscious structure. This clean-energy stage focused on photovoltaic innovation and sustainable power distribution systems.",Solar & Storage Live 2025,Riyadh Front Convention Centre,,oct 12-14,FALSE,https://images.unsplash.com/photo-1486406146926-c627a92ad1ab?q=80&w=2070&auto=format&fit=crop
Leb00 Medical Showcase,Clinical aesthetics and sterile design principles defined this medical protective-wear showcase. The pavilion prioritized product safety standards and hygiene-focused displays for healthcare visitors.,Global Health Exhibition 2025,"Riyadh Exhibition and Convention Centre, Malham",,oct 27-30,FALSE,https://images.unsplash.com/photo-1531973576160-7125cd663d86?q=80&w=2070&auto=format&fit=crop
Lumi Brand Activation,This immersive brand activation utilized creative lighting and modular architecture. An interactive environment was delivered to highlight premium event-management services and logistical expertise.,Saudi Event Show 2025,The Arena Riyadh,,sep 17-18,FALSE,https://images.unsplash.com/photo-1542744094-3a31f272c490?q=80&w=2070&auto=format&fit=crop
Lumi Industrial Showcase,National pride and industrial capability merged in this high-impact local showcase. Strategic spatial planning highlighted domestic production quality and expanded regional brand recognition.,Made in Saudi Expo 2025,Riyadh Front Convention Centre,,DEC 15-17,TRUE,https://images.unsplash.com/photo-1492691527719-9d1e07e534b4?q=80&w=2070&auto=format&fit=crop
Lumi Transport Hub,"Strategic national transport showcases highlighted domestic mobility quality. High-impact spatial design expanded regional brand recognition, effectively promoting industrial capability through modern, large-scale exhibition structures.",Made in Saudi Expo 2025,"Riyadh Exhibition and Convention Centre, Malham",,dec 15-17,FALSE,https://images.unsplash.com/photo-1497366216548-37526070297c?q=80&w=2069&auto=format&fit=crop
Global Manufacturing Gateway,"Massive, multi-pavilion logistics met international manufacturing scale here. This global sourcing gateway facilitated high-volume trade, successfully connecting international vendors with the Kingdom’s largest commercial buyers.",INDEX 2025,Riyadh Front Convention Centre,,Sep 9 - Sep 11 2025,FALSE,https://images.unsplash.com/photo-1486406146926-c627a92ad1ab?q=80&w=2070&auto=format&fit=crop
Myande Industrial Stage,Large-scale industrial engineering met agricultural excellence in this functional trade space. The design optimized heavy-machinery visibility and showcased advanced grain processing technology.,Saudi Agriculture 2025,RICEC,,oct 20-23,FALSE,https://images.unsplash.com/photo-1540575861501-7ad0582373f2?q=80&w=2070&auto=format&fit=crop
Nournet Digital Center,Cybersecurity-themed brand activations utilized dark industrial aesthetics and neon lighting. This digital-first environment prioritized secure network infrastructure and enterprise-level cloud technology displays.,Black Hat 2025,"Riyadh Exhibition and Convention Centre, Malham",,dec 2-4,TRUE,https://images.unsplash.com/photo-1542744094-3a31f272c490?q=80&w=2070&auto=format&fit=crop
Ntech Water Pavilion,Advanced water-treatment pavilions highlighted high-performance reverse osmosis and nanofiltration membranes. This technical showcase optimized product visibility for industrial water purification and sustainable wastewater management solutions.,IFAT 2026,Riyadh Front Convention Centre,,jan 26-28,FALSE,https://images.unsplash.com/photo-1531973576160-7125cd663d86?q=80&w=2070&auto=format&fit=crop
Poongsan Defense Booth,High-security defense pavilions integrated heavy-duty engineering with tactical aesthetics. This specialized military-sector showcase focused on advanced ammunition technology and strategic defense manufacturing.,World Defense Show 2026,"Riyadh Exhibition and Convention Centre, Malham",,Feb 8 - 12,TRUE,https://images.unsplash.com/photo-1492691527719-9d1e07e534b4?q=80&w=2070&auto=format&fit=crop
Reading China Literary Pavilion,"Cultural heritage and modern literature were showcased through a sprawling, educational pavilion. This literary hub optimized guest flow and highlighted vast publishing collections.",Riyadh International Book Fair 2025,Princess Noura University,,Oct 2-11,TRUE,https://images.unsplash.com/photo-1497366216548-37526070297c?q=80&w=2069&auto=format&fit=crop
Sette Luxury Studio,"An elegant, high-concept studio featured minimalist silhouettes and premium fabric finishes. This sophisticated lifestyle space defined luxury comfort, specifically targeting the upscale residential furniture market.",INDEX 2025,Riyadh Front Convention Centre,,Sep 9 - Sep 11 2027,FALSE,https://images.unsplash.com/photo-1486406146926-c627a92ad1ab?q=80&w=2070&auto=format&fit=crop
SFS Hospitality Booth,Modern hospitality booth designs focused on premium kitchen equipment and food service innovation. This high-traffic site facilitated B2B networking for the Kingdom’s catering industry.,HORECA,Riyadh Front Convention Centre,,dec 15-17,TRUE,https://images.unsplash.com/photo-1540575861501-7ad0582373f2?q=80&w=2070&auto=format&fit=crop
Siafa Dates Pavilion,Cultural trade pavilions featured premium wooden textures and organic aesthetics. This specialized food-sector showcase optimized visitor flow for international dates and agricultural exports.,The 6th International Date World Exhibition,King Saud University,,nov 24 - dec 4,TRUE,https://images.unsplash.com/photo-1542744094-3a31f272c490?q=80&w=2070&auto=format&fit=crop
Siafa Regional Stage,Local manufacturing showcases utilized high-impact branding to promote regional produce. This strategic trade space highlighted domestic food quality and national industrial export capabilities.,Made in Saudi Expo 2025,"Riyadh Exhibition and Convention Centre, Malham",,dec 15-17,FALSE,https://images.unsplash.com/photo-1531973576160-7125cd663d86?q=80&w=2070&auto=format&fit=crop
Silqfi Fintech Lounge,Cutting-edge fintech branding met sophisticated networking in this digital-first lounge. The space emphasized secure transactions and financial technology leadership for global investors.,Money 20/20 Middle East,"Riyadh Exhibition and Convention Centre, Malham",,sep 15-17,TRUE,https://images.unsplash.com/photo-1492691527719-9d1e07e534b4?q=80&w=2070&auto=format&fit=crop
Spire Data Pavilion,High-tech data pavilions featured immersive LED integrations and private meeting zones. This tech-heavy booth emphasized advanced threat intelligence and cutting-edge software engineering solutions.,Black Hat 2025,"Riyadh Exhibition and Convention Centre, Malham",,dec 2-4,TRUE,https://images.unsplash.com/photo-1497366216548-37526070297c?q=80&w=2069&auto=format&fit=crop
Sunket Solar Station,"Bold solar module displays anchored this technical exhibition presence. Focused on renewable efficiency, the booth provided a clear platform for commercial solar energy solutions.",Solar & Storage Live 2025,Riyadh Front Convention Centre,,oct12-14,FALSE,https://images.unsplash.com/photo-1486406146926-c627a92ad1ab?q=80&w=2070&auto=format&fit=crop
Tajeer Finance Hub,"We delivered a bespoke, end-to-end exhibition solution for Taajeer Finance at BIBAN 2025.",BIBAN Forum 2025,Riyadh Front Convention Centre,,Nov 5-8,FALSE,https://images.unsplash.com/photo-1540575861501-7ad0582373f2?q=80&w=2070&auto=format&fit=crop
Tibox Electrical Pavilion,"Precision-engineered industrial environments integrated advanced electrical solutions with robust fabrication. This technical showcase optimized product visibility, facilitating professional networking within the power sector.",Saudi Elenex Show 2025,RICEC,,Oct 6 - Oct 8 2025,FALSE,https://images.unsplash.com/photo-1542744094-3a31f272c490?q=80&w=2070&auto=format&fit=crop
Vitzrocell Power Hub,"Specialized power-solution pavilions featured high-reliability thermal and ampoule batteries. This technical exhibition site prioritized mission-critical energy storage for guided weapons, smart munitions, and tactical communication systems.",World Defense Show 2026,"Riyadh Exhibition and Convention Centre, Malham",,Feb 8 - 12,FALSE,https://images.unsplash.com/photo-1531973576160-7125cd663d86?q=80&w=2070&auto=format&fit=crop
Vontron Vision Center,"We delivered a premier, turnkey exhibition solution for VONTRON at the Global Water Expo 2025. By merging technical design with expert construction, we created a state-of-the-art hub that aligned with Saudi Vision 2030 to empower the Kingdom’s water sustainability ecosystem.",Global Water Expo 2025,Riyadh Front Convention Centre,,Sep 2 - Sep 4 2025,FALSE,https://images.unsplash.com/photo-1492691527719-9d1e07e534b4?q=80&w=2070&auto=format&fit=crop
Vontron Technical Stage,Advanced water-treatment booths showcased membrane technology and filtration innovation. This technical environmental-sector stage prioritized sustainable liquid-processing solutions for global utility providers.,IFAT 2026,Riyadh Front Convention Centre,,jan 26-28,FALSE,https://images.unsplash.com/photo-1497366216548-37526070297c?q=80&w=2069&auto=format&fit=crop
Yeflee Defense Pavilion,Bespoke defense exhibition hubs featuring integrated tactical systems and secure briefing zones. This high-spec pavilion utilized advanced modular engineering to showcase military-grade technology and aerospace innovations.,World Defense Show 2026,"Riyadh Exhibition and Convention Centre, Malham",,Feb 8 - 12,FALSE,https://images.unsplash.com/photo-1486406146926-c627a92ad1ab?q=80&w=2070&auto=format&fit=crop
Zahrawi Healthcare Gallery,A premium healthcare environment featured advanced surgical and laboratory equipment. Professional layouts ensured a high-end medical gallery feel that fostered key clinical partnerships.,Global Health Exhibition 2025,"Riyadh Exhibition and Convention Centre, Malham",,oct 27-30,TRUE,https://images.unsplash.com/photo-1540575861501-7ad0582373f2?q=80&w=2070&auto=format&fit=crop